kmem:mm_page_alloc,Time
1,63
0,17
0,16
0,16
0,18
0,22
0,19
0,20
0,20
0,24
0,23
0,27
0,27
0,30
0,33
0,36
0,42
0,46
0,51
0,59
0,67
0,77
0,90
0,104
0,119
0,138
1,178
0,188
0,221
0,259
1,317
0,360
0,420
1,507
0,584
1,702
1,829
1,978
1,1154
1,1389
2,1618
2,1919
2,2262
3,2693
3,3227
4,3797
4,4526
7,5439
10,6468
40,7978
47,9440
55,11192
66,13340
78,15917
92,18898
109,22745
130,27512
160,33650
190,41255
226,50568
268,60751
318,73318
378,87513
450,105186
645,127120
765,153488
910,184668
0,10078
216,49720
409,99093
802,161459
21,20356
431,104199
0,1166
469,114215
206,47260
0,9140
0,2268
26,24934
411,99377
0,18137
0,4506
248,58007
0,1685
187,42248
0,8931
495,120723
0,3345
372,89782
0,17862
176,39411
0,6604
931,189386
184,41494
351,84295
0,13172
845,170863
366,88164
877,178116
13,27459
538,132357
67,41019
738,147274
305,63961
598,118053
815,163849
391,88890
319,76528
656,129880
612,121100
918,187074
264,62282
235,54947
164,36225
0,11445
660,130774
496,115159
453,110306
400,97052
0,9856
601,142614
0,20592
845,171155
354,85171
1007,207072
962,196122
0,16651
0,9099
1002,205138
898,182757
0,3921
788,158427
595,146713
0,18351
385,92628
191,43334
0,23529
0,1122
893,181381
200,45898
316,75438
382,92113
253,59601
977,200105
195,45008
927,189124
191,43386
215,49676
200,45865
932,189763
307,73168
835,168618
391,94586
0,14295
203,46153
469,114291
159,34773
285,67574
400,96752
791,158780
556,137060
14,26473
732,179589
211,48674
332,79438
751,187938
597,148173
356,85584
0,28640
329,78665
651,162413
0,7936
0,5566
594,147043
593,147468
336,80633
357,85859
444,108213
538,132382
29,36846
267,56409
640,126461
628,123706
780,156375
660,130869
432,95229
0,6632
977,200499
5,16228
23,20052
385,92757
396,95884
456,110878
163,35876
472,115189
0,11592
755,152139
161,35466
818,164879
701,139355
490,119738
439,106358
997,204201
907,184585
503,123070
730,145776
170,37741
176,39651
0,15806
845,170649
474,116309
741,148700
685,136313
281,66559
908,184686
0,16948
15,22675
496,121551
411,99597
0,14777
6,23616
954,195319
962,196527
672,164060
0,16690
524,128555
414,100533
944,192554
983,200874
0,4672
964,197451
0,6532
280,66013
311,74996
972,198806
0,20937
545,133963
0,9067
616,153100
351,84271
0,2475
422,102420
413,100337
505,123707
416,101238
4,27419
319,76221
308,73462
692,172288
383,92701
555,137002
334,79958
912,185447
0,831
238,55819
896,182357
442,107441
681,170565
233,54359
288,68388
0,12553
247,57773
946,193575
927,189541
309,73700
477,116326
283,67068
182,41006
0,6696
296,70136
882,178704
424,102829
364,87494
442,107272
0,4025
528,129691
29,33770
562,138504
770,194598
310,73893
274,65129
638,159047
336,80488
0,8764
0,22740
0,2473
0,2140
474,115615
792,200758
734,184818
758,191281
744,187566
61,46372
115,24748
921,188019
760,152098
806,162552
545,133868
221,51490
451,109464
32,29670
0,12128
769,191669
527,129434
461,112194
664,165917
0,8222
398,95982
497,121385
671,167720
229,53256
628,156189
0,21585
0,21885
565,139594
0,21693
319,75998
753,190093
699,175025
32,38173
640,126446
751,150151
578,119991
477,116487
240,56007
499,121532
374,90365
554,146625
878,178360
845,170514
191,43411
575,140619
621,152224
0,16749
240,55920
0,20561
261,61392
374,90135
0,15819
0,19295
348,83394
0,23171
966,197270
240,56183
937,191472
271,64132
0,452
302,71900
394,95509
0,6070
259,60831
1013,207782
0,928
603,149596
31,30432
449,109068
392,94769
625,155478
230,53506
243,56933
251,59062
616,152912
435,105524
404,97897
383,92460
280,66349
0,22179
3,30676
78,47242
968,198208
847,171588
95,20824
324,77304
0,18383
147,31843
397,95985
180,40556
509,124474
0,13551
691,137817
446,108402
876,177825
396,96143
715,143451
399,97291
276,65582
860,175484
0,3001
974,200128
471,114782
317,75899
933,190931
29,25283
80,41791
74,17373
855,173283
14,19096
349,83720
812,164038
0,14564
214,49283
0,10860
793,159380
428,103685
550,132454
595,144528
917,186213
858,173844
887,180000
528,130085
203,46574
587,145032
479,116722
359,86239
0,7614
997,204398
0,13430
293,69397
937,190666
295,70090
483,118011
17,26549
1001,205541
651,162496
630,156594
574,141824
0,22637
686,170354
734,182305
243,56980
557,137595
585,144817
0,22590
413,99911
256,60082
410,99207
0,23112
15,32785
763,193281
454,110361
0,7878
240,55867
506,123729
646,160982
457,110953
0,1547
701,176558
0,5133
0,12183
0,19031
535,131392
582,144310
3,33424
242,56446
499,122071
778,197273
761,192254
767,193668
556,137250
302,71728
698,175262
698,175514
312,74585
0,20817
0,13555
615,152547
289,68673
728,183167
0,4459
764,193421
452,109886
713,179263
0,19809
753,189897
535,131775
778,196934
731,184292
0,32637
0,4204
510,124798
0,21045
0,5550
241,56263
384,92521
519,127309
0,3031
759,191474
546,134438
314,75070
0,15834
456,110558
258,60823
760,192251
737,185868
715,179654
81,50547
892,181022
1011,209307
0,1185
511,106085
758,151727
33,23026
648,157159
55,36388
0,15255
738,185489
568,140292
0,23268
0,34992
299,70881
598,148360
747,187959
257,60537
716,180231
501,122943
342,81986
717,180180
728,183039
766,193546
0,33875
539,132952
343,82333
722,181536
746,188009
756,190689
311,74267
545,134362
663,165729
0,11694
799,201971
792,200532
0,34509
392,94527
757,190685
48,46247
465,96550
304,72504
0,5386
850,171823
56,25398
424,102543
408,98995
448,108886
966,197499
520,127362
509,124763
608,150647
543,133324
259,60864
514,125864
272,64293
1012,207389
563,138635
0,24403
983,201203
0,8727
597,148373
668,164740
496,121263
21,30442
528,129325
393,95023
231,53841
987,201548
483,118107
735,185035
511,125247
0,15411
196,44805
715,179377
357,85963
1002,205372
344,82658
203,46319
0,14356
962,198190
566,139367
457,111285
515,126114
619,153667
386,93447
347,83410
388,93792
674,168589
958,195608
628,155991
678,169722
489,119362
739,185868
192,43655
480,117027
551,136333
0,18367
0,21019
398,95923
0,12417
634,157369
0,25825
0,1871
0,5613
708,177367
610,151162
275,65060
595,147329
685,171624
0,14209
708,177356
642,159625
0,11537
581,143219
522,128119
0,23664
297,70534
289,68480
601,149044
0,21762
0,24675
381,91703
336,80509
306,72950
241,56341
0,15690
301,71360
289,68504
327,78225
734,184673
232,54052
474,115880
276,65595
723,181791
746,201509
697,174766
286,67935
47,40725
821,165280
0,963
444,92448
768,154090
21,18353
321,76488
672,133467
204,46749
933,190563
456,110944
236,55242
187,42279
217,50140
27,23081
901,183062
0,12428
384,92919
972,198627
342,81982
501,122556
632,154506
1013,207417
907,184605
675,165939
525,129095
323,77171
597,147858
954,194741
0,20590
998,204755
443,107858
481,117479
599,148762
0,10036
0,13294
0,10825
0,16437
437,105876
0,10863
0,23970
391,94189
609,150921
364,87705
694,172354
278,65872
557,137463
641,159708
529,129946
285,67672
455,110688
520,127575
511,125287
472,115234
0,9722
0,11098
653,163039
982,201221
568,140371
0,19688
618,153418
930,189352
949,193386
981,200321
604,149837
419,101701
643,160685
0,27693
971,198342
185,41791
0,20685
964,196872
671,167758
0,23112
419,101504
292,69246
1008,206668
307,73146
549,135864
543,133731
471,115722
188,42543
620,154933
567,141033
699,176164
0,3805
908,185861
0,19981
360,86369
0,23483
982,201221
490,119738
0,23438
0,11948
0,10911
301,71347
371,89350
315,75173
303,72067
898,182583
910,185598
433,105106
0,11295
961,196258
260,61161
259,60938
16,31601
0,31356
642,159908
724,182095
231,53703
0,21203
317,75550
708,178013
816,204575
779,197332
0,20631
0,12374
350,84003
274,64787
0,14216
580,143059
395,95503
663,165561
224,51873
0,6014
584,144660
0,9030
513,125369
634,157656
547,134921
669,166973
0,26671
354,84897
76,49744
128,27124
286,60204
551,120638
441,107117
416,100931
271,63931
912,186008
0,14546
293,69472
821,165455
643,152392
959,195938
786,158079
223,51716
255,59767
256,60105
0,12835
40,32197
237,55356
596,147605
818,205602
248,58129
540,132785
769,194572
236,55153
489,119456
384,93000
746,192792
0,32427
761,193046
473,115307
336,80949
752,190284
729,183654
624,154960
9,35941
320,76228
574,141564
620,154070
43,45374
855,172797
235,49564
395,86698
294,69787
496,114733
0,8800
214,49407
230,53575
1007,206040
655,129498
810,163390
773,155631
986,201849
687,136573
9,19808
0,15476
958,195271
915,185938
0,4908
413,99933
378,91229
548,132830
832,168655
490,119885
164,36102
0,5027
549,134736
523,128332
892,181297
898,182694
472,115062
1007,206661
198,45324
953,194962
468,114040
546,134520
901,183183
518,127180
214,49442
234,54589
828,167314
900,182526
835,168405
0,7812
2,21951
245,57385
18,25379
570,141672
0,2788
610,151471
305,72608
634,157476
339,81261
36,32535
24,36942
0,5337
294,69572
234,54400
0,32564
571,140864
0,32138
570,140579
517,126806
797,201648
594,147123
0,20807
0,21012
0,20457
276,65324
663,165490
758,191121
234,54815
625,155323
740,186323
0,21540
751,189294
0,20782
648,161071
464,113083
428,103845
734,184798
56,48748
441,91745
922,188119
55,24358
358,86090
0,3348
1014,207985
281,66505
480,117102
453,110233
447,108568
916,186608
233,54645
261,61466
26,28589
406,98172
671,167786
47,38403
76,53885
45,12556
501,113234
1012,207556
441,107073
559,132980
831,167497
0,3362
417,101034
323,77100
949,193383
214,49291
355,85119
0,3723
408,98606
800,160812
376,90615
931,190234
376,90570
795,160253
366,88025
543,133289
388,93688
425,102953
403,97539
862,174286
872,177020
0,18932
893,181460
600,145754
387,93267
276,65286
17,26496
503,122858
669,166889
727,179497
703,176432
265,62595
697,174618
802,199730
993,203581
725,182357
0,10982
0,17028
364,87325
215,49662
430,104276
0,7145
986,208484
591,146526
399,97230
762,193430
264,62219
698,175015
626,155894
200,45842
778,197251
564,139031
0,28600
30,39137
505,104537
887,179968
752,150382
1002,205434
209,48097
501,119017
815,163909
782,157003
258,61315
247,57919
26,23858
22,27653
337,80518
567,139692
0,3637
434,105121
962,196031
298,71405
325,77687
586,144963
0,25426
303,71998
0,19055
956,195240
591,146262
659,164277
512,125397
314,74945
243,56834
968,197144
434,105298
287,68399
1009,207136
36,34675
92,53859
162,34183
736,147319
577,120896
863,175641
0,1090
526,127559
0,9741
289,68576
825,167560
643,155457
327,78411
882,179513
523,128650
458,111915
790,160325
0,18819
617,153107
11,27056
69,41090
457,95148
451,106951
391,94653
0,15732
494,117860
469,115005
9,20534
896,182320
321,76965
974,199023
1008,206730
921,187455
414,100472
304,72789
944,192640
220,51269
255,59992
0,12289
888,180364
168,37621
221,51072
520,127685
398,96131
0,10529
785,157897
316,75554
145,31809
230,53752
403,97683
757,151471
399,96624
492,120403
446,108497
456,110874
667,132585
344,82482
460,112090
0,7990
913,186119
191,43471
214,49353
380,91634
316,75348
411,99568
0,14971
314,74762
958,196090
656,130260
964,197304
681,135052
260,61321
314,74870
173,38668
466,113475
777,156212
147,31792
176,39424
9,22183
177,39733
355,85411
365,87857
670,162449
327,78159
0,10389
0,2641
875,177085
916,186218
15,29162
278,66161
673,169309
546,134914
251,59085
668,167213
215,49646
574,142254
720,180667
719,181001
723,182362
522,128414
722,182279
335,80308
0,637
30,36044
0,4979
604,150236
0,4074
0,1550
74,51129
956,195362
857,173608
897,182648
716,142378
0,1762
771,154483
160,33726
256,55533
802,161376
0,6489
428,94190
288,68434
258,60818
269,63699
451,106931
671,138352
705,142715
190,43164
293,69501
762,152614
167,37084
876,178542
394,95281
696,138578
916,186519
489,117039
770,155077
160,35009
0,7666
286,67713
412,99825
5,19620
33,25780
662,164302
276,65674
249,58485
998,204469
1004,205648
392,94891
588,145599
293,70029
544,133822
351,84421
0,22536
634,157921
0,11864
0,20578
372,89491
987,201871
303,72356
956,194957
460,111813
593,147185
34,33218
641,159812
393,95108
326,77926
674,168985
345,82896
521,127767
801,203882
715,180718
457,111191
739,186886
0,11658
60,46113
913,186543
0,3012
581,121038
541,130820
22,25048
597,147913
224,51977
999,204573
2,25325
691,171284
626,155798
203,46657
245,57274
0,4869
231,53670
52,38204
78,54328
581,120928
540,130717
181,40751
617,149152
0,12097
1011,208044
471,115048
236,55111
349,84145
540,132971
193,44000
798,160849
618,153105
0,13870
0,3660
511,125393
420,102134
330,79072
569,140440
228,53048
835,168758
511,125391
381,92329
483,118127
274,64934
14,27400
646,160852
256,60284
821,200703
638,159079
13,36171
76,51732
507,105652
195,44509
966,197162
342,82120
0,16870
345,82671
1017,209290
733,146555
783,157281
306,72996
773,155380
962,196245
369,88926
313,74752
453,109642
5,18438
991,203339
761,152507
277,65819
743,148679
783,157618
861,174267
156,34306
368,88782
758,151732
987,201795
183,41194
1007,206173
43,26412
361,86894
690,170286
639,159173
65,41039
575,119600
828,167198
952,194300
846,171110
396,96004
0,9765
992,203136
311,74139
513,124650
343,82311
155,33972
215,49698
389,94283
993,202943
920,187885
184,42218
603,144824
451,109924
576,142371
360,86540
164,36398
344,82439
953,195120
33,29689
0,12589
519,127672
221,51205
0,11169
0,9446
605,150230
519,127517
308,73427
525,129019
336,80509
508,124585
0,9741
0,18844
721,180842
710,178444
0,17732
572,141270
0,11600
637,158585
0,20508
223,51663
765,190857
215,49716
368,88585
29,37223
61,50125
538,112508
529,126322
999,205628
0,8754
438,106987
897,182389
535,130932
175,39319
0,17553
233,54332
214,49723
307,73316
202,46493
0,19126
738,148919
151,33035
831,168075
340,81534
363,87662
486,119028
1004,205860
0,10510
586,142404
0,4849
0,18641
837,168938
741,148506
0,3503
773,155206
31,28909
1,28801
0,27132
8,30212
768,193007
62,44652
808,163042
536,111192
532,126874
310,73970
841,169723
937,190729
428,103946
171,38114
439,106813
0,7743
380,91344
592,142667
843,170313
0,5527
508,124281
543,133547
0,8217
311,73840
586,144360
191,43354
302,71882
373,89739
483,117902
257,60560
35,29577
15,32667
235,54987
505,123472
641,159709
436,105693
290,68881
354,85129
357,85885
0,27787
739,186201
589,145844
394,95347
727,182937
0,16773
757,191249
0,9562
0,14694
269,63398
29,38767
399,82931
48,21658
565,138386
488,119111
686,165270
601,149505
949,194031
630,156712
313,74641
16,29453
0,16670
73,45145
41,11881
261,61202
343,79697
359,85035
484,111501
593,140129
252,59325
876,177827
464,112930
0,10380
0,17016
578,142366
274,64829
21,26623
694,172608
262,61690
581,143861
0,20025
0,16060
9,29539
312,74333
0,12175
0,23325
445,107994
388,93725
293,69462
415,100640
233,54336
636,158251
0,18056
455,110424
521,128001
342,82055
200,45679
471,115023
645,161088
275,64940
323,77108
40,37773
30,43729
490,119669
706,177152
0,30863
0,41153
608,150667
403,97637
0,19078
767,193974
0,12302
0,20845
432,104499
0,13156
37,51438
805,162114
274,58161
708,140993
498,109092
460,111489
423,102528
0,16182
404,97949
215,49557
340,81514
159,35708
726,157492
0,11308
938,191355
484,117044
59,29867
0,2397
333,79871
15,32375
0,25297
661,164839
518,127067
669,167205
0,18319
39,40463
384,80030
690,136965
520,117998
607,144135
977,200053
342,82042
877,177827
269,63545
560,138055
851,171843
428,103855
861,174649
0,19064
0,408
12,25300
346,82868
0,12877
645,159947
387,93309
322,76751
375,90370
703,173161
725,180567
291,69191
595,147282
596,147702
379,91490
0,25231
305,73034
1008,206688
0,22302
631,156897
0,24086
0,12079
263,61922
702,176014
301,71617
16,32821
628,156648
22,37336
0,32080
55,48940
305,64043
349,80157
0,8301
24,16995
927,189296
0,12312
231,53625
36,23135
567,140420
285,67656
262,61962
952,193809
551,136036
454,110545
180,40628
897,183252
557,137512
730,175845
999,205131
221,51417
404,97766
662,165512
5,29723
385,92991
273,64599
84,47256
991,202573
75,17558
648,128361
505,119924
0,2647
846,170892
272,64362
359,86432
576,137839
300,71426
0,1645
624,151782
247,58043
578,142587
39,32128
19,35604
559,137599
382,92369
535,131399
687,172423
509,124551
528,129618
0,27471
0,18912
689,173100
56,47426
221,46788
522,111989
956,195076
885,179743
156,34807
941,192353
842,170027
0,15921
0,12289
447,108496
916,185944
756,151242
317,75610
611,143805
165,36435
574,141463
32,28831
465,113398
213,48981
65,42332
736,147209
295,62006
953,194840
393,88635
373,89681
951,194163
176,39455
149,32282
442,103887
776,155664
333,80115
309,73561
384,92884
0,1506
772,154621
973,198865
199,45505
230,54025
586,136727
350,84030
440,107010
968,197645
0,4585
728,146155
25,26825
813,197772
428,103761
498,121691
390,94214
237,55297
711,179017
324,77504
16,35958
420,101866
463,112729
0,7971
293,69339
466,113464
0,29860
641,159383
0,11060
0,7149
556,136971
265,62711
495,120851
549,135411
580,143723
394,95224
613,152073
657,164120
42,44835
87,19697
1002,205270
800,161440
815,164092
0,18843
787,158055
811,163699
173,38512
0,18153
477,116418
327,78281
281,66566
0,10306
896,182236
378,91247
645,127265
412,100374
0,5225
858,173409
1003,205374
867,175492
0,16569
518,124809
0,2064
696,138659
957,195350
238,55553
350,83972
745,148906
962,196099
472,115383
0,16550
146,31537
838,169390
284,67649
183,41239
422,102189
456,111182
141,30368
922,187616
982,201019
174,38875
0,9208
31,25907
0,7422
788,191852
584,144467
665,166502
611,154897
319,76295
0,17103
478,116432
700,176268
213,49263
0,10809
0,15613
598,149111
379,91946
299,71309
310,74070
973,199028
630,157048
679,170513
0,20496
654,164201
662,165656
605,150380
323,77444
580,144193
731,184668
0,18173
273,64426
696,174860
974,199336
1013,207546
335,80255
534,131327
212,48898
484,118385
403,97758
0,4400
238,55590
0,23439
973,199157
379,91583
0,9024
619,153730
484,118272
274,64700
398,96239
0,14514
217,50189
214,49562
685,171751
440,106903
728,183585
204,46807
397,95982
540,132939
687,172454
255,60014
1003,205200
486,118773
0,28236
346,83541
732,184760
628,156065
981,200746
629,156902
989,203131
550,135641
444,108118
989,203432
716,180525
986,201604
228,53006
39,39554
658,130473
768,154177
29,10019
751,150496
47,17453
360,86419
491,117089
530,127728
930,189274
229,59478
307,76396
436,105934
294,70024
412,99914
412,99763
0,1947
549,133897
48,30399
599,148136
451,109494
397,95940
521,127455
625,155265
698,176122
254,59758
461,112180
408,98899
728,182908
578,142931
67,44343
449,93349
50,23798
566,139575
366,88062
461,112312
407,98806
275,65106
29,28672
213,49684
332,79546
13,30945
496,121155
80,47927
760,152067
241,51000
703,139892
235,54088
526,115120
343,82398
499,120798
792,159395
956,195224
872,177053
0,12429
961,196151
956,195201
221,51722
246,57699
548,132034
218,50421
582,141468
528,129441
0,8013
388,93390
0,19046
867,175883
5,23515
332,79353
907,184792
265,62647
1013,208179
918,187369
757,151594
374,90166
481,117468
480,117821
373,90140
293,69522
233,54275
357,85761
275,65027
287,68110
581,143432
533,131151
291,69174
2,23947
956,195282
59,35414
715,179250
414,100362
522,128376
392,94694
633,157534
563,138786
23,39919
646,160964
479,116756
0,13851
370,88992
333,79569
0,6320
690,172644
391,94551
803,203790
451,109981
712,178727
443,107665
402,97294
0,28025
356,85326
800,202629
0,31525
0,10825
439,106495
326,77953
0,7309
260,60916
270,63840
24,45224
842,170006
803,161887
394,82675
730,145366
847,171472
261,61575
508,116541
910,185093
0,5363
477,116384
609,144720
295,70209
953,194253
0,5768
598,148003
312,74316
35,30655
294,69635
400,96919
43,39209
33,10644
515,113608
398,96365
446,108301
267,63277
996,203406
439,106604
199,45595
592,140644
0,5392
351,84013
182,40867
513,125978
903,183353
469,114490
358,86044
263,61956
543,133942
956,195193
973,199020
227,52812
204,46602
518,127092
41,30251
416,100858
0,10754
347,83054
627,156267
346,83010
642,159953
454,110483
538,132374
666,166335
561,138561
697,175030
0,30115
290,68628
0,21758
813,203227
49,43771
532,110523
442,107358
414,100286
211,48685
285,67610
0,11300
37,24303
47,33194
504,123210
292,69580
376,90544
0,27262
453,110215
59,45316
812,163364
0,1410
414,86127
490,113223
222,51882
0,15467
907,184538
4,18763
665,131847
172,38185
793,159497
763,153242
516,124684
38,26948
402,97122
268,63239
815,198547
333,79905
0,5250
20,36920
554,136516
270,63796
712,178760
0,28470
804,204029
386,93324
0,1604
524,128514
696,174580
710,178695
0,18931
436,105646
600,148398
305,72596
464,113094
718,180911
667,167662
609,152025
34,44181
0,4380
917,187136
33,10636
1003,205541
22,13967
59,24054
901,184508
72,37612
47,47307
498,103902
507,120287
6,20481
174,38813
15,23075
508,123969
481,117301
448,108917
248,58160
3,23828
490,119614
32,29737
537,131954
265,62568
669,167765
490,119690
0,18723
508,123917
0,12071
483,117594
676,169679
0,3965
760,189436
509,124483
338,80861
581,143465
662,165779
790,198278
592,146646
626,156108
250,58576
782,198138
0,12583
0,3289
401,96817
524,128702
467,113668
727,183234
771,195198
706,177633
273,64567
329,78679
293,69468
299,71083
526,128800
285,67929
55,44467
928,188838
279,58785
0,8591
951,194236
96,26311
456,111433
264,62292
277,65447
340,81258
435,105762
835,168332
1009,207506
823,166285
580,143494
234,54566
319,76115
947,193306
640,158993
1004,205609
578,143169
0,10716
0,3169
584,144712
840,169103
210,48361
520,127434
193,44034
38,33245
748,188652
429,104684
22,37575
266,62689
707,177666
693,173644
0,19302
0,9013
701,175934
666,166529
0,24885
546,134318
705,177093
357,85937
43,46581
334,69765
815,164138
32,16815
686,136237
0,4091
640,126483
806,162141
0,5920
890,181214
147,31731
16,19219
0,9188
290,68678
68,31722
539,132231
0,17898
4,32020
325,77600
0,11204
561,138010
578,142559
0,5725
386,93863
451,110074
519,127363
74,47755
661,143586
297,62646
535,117711
790,158262
272,64368
479,116723
359,86361
420,101832
822,165994
793,159602
295,70037
572,137063
479,116848
349,83767
897,182083
766,153763
208,47977
1017,208732
958,195482
174,38770
247,57908
167,36896
0,17275
0,15499
324,77310
177,39693
590,144597
941,192449
467,113775
972,198881
226,52424
600,148099
207,47568
488,119029
1004,206895
0,22180
907,184719
922,187834
892,180773
236,55163
388,93608
982,200656
258,60661
1004,206851
811,163536
925,188347
922,188453
1004,205917
160,35092
846,170769
311,74357
467,113898
266,62940
273,64520
8,24995
445,107876
337,80687
720,176116
345,82811
630,157097
520,127547
391,94402
380,91581
674,168348
750,186317
256,60900
289,68596
525,128900
521,127603
43,39562
735,146668
548,113700
319,76723
574,136166
867,175542
492,120061
0,7322
314,74714
226,52517
933,190390
913,185767
441,107097
571,140006
893,181648
0,5391
901,183322
920,187154
806,162350
942,193352
376,90824
32,28323
229,53188
316,75512
457,111274
0,25792
705,176694
366,88138
314,74913
0,7617
231,53522
0,19175
0,5549
356,85143
315,75086
559,137918
759,190900
551,135697
352,84513
746,188355
812,203059
256,60150
342,82416
552,136028
405,98019
537,131898
0,22971
247,57809
0,17863
0,13607
576,142014
310,73682
0,6769
0,23873
683,171181
459,111663
401,97207
648,161931
353,84759
297,70470
641,159770
665,166504
808,204920
579,143377
0,4672
352,84467
30,40327
320,67431
0,859
687,136571
155,33806
412,93418
286,67835
148,32104
328,78311
279,66063
302,71818
423,101480
566,132119
280,66335
0,9561
887,179883
399,96454
765,153701
434,105343
726,144597
152,33369
147,31863
450,109553
0,16041
422,102017
972,198785
469,114470
182,41048
926,188255
721,144104
0,4983
218,50362
905,184191
862,174293
832,167637
0,11560
984,201464
811,163622
312,75077
725,145499
537,132710
983,201445
771,154528
186,42116
196,44861
877,179034
248,58680
430,105012
183,41302
344,82559
466,114020
755,151312
870,176021
751,150345
211,48775
747,149212
138,29465
352,84445
283,67174
429,104632
775,155962
145,31276
841,169787
320,76451
823,166190
921,186910
34,27369
76,42897
415,86555
1002,205484
236,55134
693,138431
184,41351
156,34500
742,148709
139,29890
203,46535
161,35453
959,195938
424,99857
315,75241
390,94499
157,34689
832,168211
959,195704
16,18583
431,104380
923,189134
831,167626
931,190395
0,15272
471,114376
994,203531
257,60345
853,172883
868,175661
495,120204
0,238
830,168066
608,144754
1016,208784
418,101562
171,38138
425,102966
259,61102
347,83327
821,165679
994,203953
168,37255
846,171567
0,9632
0,405
937,190949
211,48798
285,67583
842,169937
0,2495
544,133557
908,185415
921,187202
866,175067
408,98768
907,184362
300,71378
915,186172
630,154307
976,199501
484,118211
194,44109
581,143352
0,17622
978,200365
264,62195
393,95316
545,134008
922,187877
536,131489
563,138792
562,138553
209,47990
793,159495
199,45532
534,131432
876,177549
338,81117
604,149887
997,203849
307,73139
0,7859
510,124745
537,132523
0,850
353,84883
451,109593
480,117076
953,194162
331,79311
479,116854
186,41931
513,125666
308,73477
180,40497
183,41555
280,66243
276,65132
0,8624
0,9461
987,201921
179,40176
508,124339
369,88931
169,37562
897,182481
307,73078
460,112058
520,127684
0,9548
897,182377
947,193231
542,133713
157,34323
544,133786
269,63524
597,147614
0,8422
867,175991
345,82733
230,53818
593,146648
867,175864
982,201305
0,2190
556,137090
442,107225
316,75576
32,30829
789,197339
0,14712
661,165049
455,110627
301,71745
0,3067
720,180754
615,152437
320,76435
447,108461
261,61553
577,142946
523,128364
646,167922
720,181385
484,117878
647,161307
639,159177
381,91919
0,20998
518,126801
481,117097
41,41318
693,138429
0,4182
286,60105
732,146149
343,77870
962,196055
461,105784
549,129751
798,160845
812,163708
971,198439
481,117328
445,108012
6,21709
808,163492
264,62238
12,23803
24,28250
682,171044
249,59174
393,94896
457,111217
283,66965
410,99420
8,29653
36,37109
718,180629
315,75213
383,93093
0,1327
0,35464
287,68064
499,122107
0,30795
758,191295
726,182672
536,131696
0,2876
494,121211
795,201997
0,12019
487,118641
508,124478
574,141899
0,12190
396,95484
458,111677
376,90828
521,127665
662,165340
253,59393
675,168934
566,139750
455,110623
40,45556
236,50037
801,161170
376,82910
0,3062
758,151978
820,165638
0,2718
505,115511
413,100287
341,81911
861,174510
0,9322
177,39585
805,162011
157,34432
0,6552
347,83235
971,198522
312,74609
0,4306
205,46944
56,28545
566,139545
0,22979
589,145240
333,79762
248,58122
297,70628
49,38141
407,98645
0,18987
737,185374
762,192392
0,4812
412,99905
518,126702
0,31136
511,124997
490,120262
0,5639
284,67301
679,169650
496,121247
62,51004
928,188998
139,29826
895,182211
573,119591
1,19203
0,13044
611,145482
0,17204
47,32454
543,133642
328,78928
739,186447
451,110188
402,97412
416,100934
83,49633
866,176033
865,174873
782,157329
399,83134
140,30068
707,141699
448,103893
309,73668
431,104501
440,106790
250,58661
281,66518
0,6691
427,103264
785,157365
720,143851
858,173910
725,144842
445,108029
39,24511
0,15520
979,200351
330,79079
805,162056
230,53429
555,136834
878,178370
502,123018
523,128452
0,11486
615,151868
860,174131
560,138492
0,5458
429,103924
343,82278
0,17117
1001,205025
260,61275
597,147866
163,36074
248,58128
192,43837
806,162120
0,14783
0,3511
977,199676
0,727
936,193937
327,78376
601,149062
595,147624
591,146367
0,12411
0,23906
451,109815
447,109116
0,23722
939,192467
432,104894
922,188049
0,15550
835,168507
525,128775
596,147798
241,56311
586,146034
0,5245
0,7411
205,47048
464,122892
971,199521
466,113653
208,47951
435,105980
0,19388
31,30641
706,177342
399,96785
268,63311
231,53849
811,202015
586,145279
739,186312
0,29760
0,24602
613,152421
0,27360
730,183918
793,201888
449,109232
0,20626
752,189766
267,63006
662,165607
227,52654
422,102269
656,163896
0,2301
657,164310
489,119630
712,178964
406,98416
66,47305
123,26423
490,119681
212,48929
398,96330
313,74611
242,56698
991,202740
0,1723
496,121425
461,112214
0,17292
504,123108
179,40332
967,197273
0,9109
865,175444
0,1173
326,78099
0,18139
906,184468
532,130688
0,16569
417,100910
0,17773
35,32116
437,105858
269,63656
8,33308
595,147788
346,82927
0,29896
715,179962
599,148411
694,174287
537,132056
73,48609
68,16361
358,85997
788,158859
949,193940
240,55952
707,140738
0,15663
345,82611
715,142760
697,138471
851,172491
888,179960
23,19559
599,142900
938,191207
343,82447
353,84806
389,94019
0,3603
175,39128
890,180403
24,27583
0,14986
420,101881
461,112510
225,52456
597,147645
0,6319
1011,206842
0,17944
457,110981
0,15047
508,124845
274,64683
0,19215
448,108864
360,86478
63,40622
27,9642
234,54370
888,180056
556,121068
982,201244
325,77704
188,42687
309,73439
286,67930
953,194842
399,96747
612,145925
402,97285
0,9138
858,173388
0,20191
813,164631
290,68831
29,29598
3,29550
703,176545
336,80476
243,56901
430,104372
408,98830
312,74406
492,120916
574,141960
0,24492
248,58179
0,8095
37,36805
510,124927
611,151764
422,102416
499,122040
0,11523
628,156108
607,150773
418,101695
0,4101
525,128944
280,66395
686,171860
34,43818
547,113608
460,112112
0,948
0,15314
454,110127
1011,207828
507,122366
928,189031
0,17080
605,144520
281,66597
918,188016
775,155870
475,116028
476,116262
175,39193
0,9339
175,38903
353,84890
202,46171
781,156940
978,199853
238,55630
953,194756
179,47632
443,110239
895,181455
319,76053
434,105559
514,125884
826,166465
359,86537
1011,206994
937,190570
193,44239
0,3073
0,5088
0,23222
0,17105
987,201916
318,75874
900,183513
271,64141
524,128772
837,169034
253,59433
366,88031
356,85502
570,140672
584,144893
1001,205097
481,117480
0,14238
0,8602
944,192710
165,36486
211,48703
587,145094
504,123342
354,85053
581,143611
217,50434
556,137163
264,62743
579,143143
797,160163
875,177519
790,159059
354,85212
0,2320
395,95440
231,53767
270,63601
743,148427
591,146212
256,60742
1009,206932
35,30368
0,18372
320,76138
603,149401
756,189782
3,31987
645,160832
280,66299
0,20045
16,35425
732,184588
0,29724
0,9063
362,87306
647,161571
309,73729
0,18122
0,2957
51,45678
112,24075
509,125192
511,125070
502,122948
933,190197
526,129348
0,10185
0,10880
959,195560
898,182889
0,15756
574,141821
917,186723
588,145092
811,162923
875,177397
414,101016
851,171822
429,103989
908,184877
921,187587
7,24695
293,69529
976,199154
0,10066
374,89757
342,82155
706,172799
286,67820
513,125826
0,5025
667,166616
243,56864
223,51767
315,75289
0,23142
3,28371
525,128812
7,29905
446,108354
693,173891
0,12715
430,103836
977,200110
275,65678
0,15038
196,44637
687,173574
658,165159
323,77114
407,98573
545,134008
261,61549
605,150056
972,199437
360,87681
749,188191
595,147825
655,163664
483,117890
517,126714
0,12974
339,80797
275,65037
464,113004
497,121616
981,200517
0,21141
682,170799
520,127640
0,22395
212,48956
0,28544
391,94488
577,142725
443,107509
953,194027
192,43574
681,171249
0,26418
1009,206784
961,195931
956,194755
299,71200
690,173003
963,196245
667,166792
734,186479
578,151596
0,5840
296,70637
332,79402
210,48259
0,17344
0,9569
0,4256
0,3610
206,47334
263,62041
199,45323
440,106629
366,88207
556,137192
0,7158
679,169927
667,167020
194,44366
545,134661
491,119997
260,61202
978,199816
268,63284
566,139759
722,181856
678,170051
45,40626
912,185936
334,69764
292,69326
973,198755
713,142195
283,67183
303,71950
666,132152
838,169250
383,88452
486,112811
332,79604
405,98234
608,143697
565,139634
224,52103
514,125981
320,76220
173,38566
954,194859
13,25330
271,63887
306,72889
0,25095
0,7434
987,202482
0,3939
543,133643
0,7530
219,50638
222,51522
327,78136
0,11342
738,180529
609,151193
0,11388
0,15439
617,153382
223,51628
1017,209819
0,918
466,114096
257,60443
659,164812
0,12629
291,68755
640,159597
300,71370
706,177607
540,133296
573,141626
321,76760
414,100461
195,44402
0,12812
30,35336
0,4732
0,7293
581,143713
0,29908
272,64281
408,98905
468,114061
623,155293
756,190974
367,88240
775,196286
0,32307
482,117561
253,59562
420,102069
637,158773
0,29983
0,34844
647,161363
391,94616
350,83944
0,35124
0,26976
475,115730
361,86879
252,59175
452,109801
702,176514
694,174143
722,181807
0,16874
715,180032
382,92260
645,160799
586,145328
426,103279
0,156
398,96412
658,164410
350,84316
497,121566
54,46657
341,71704
129,27754
817,164611
192,43733
429,97720
697,139015
38,22112
927,189917
0,13920
821,165468
746,149164
458,111518
519,127495
0,6477
145,31346
414,100511
493,120395
306,72858
0,5585
543,133342
850,171615
273,64483
297,70567
969,198535
837,169142
291,69109
171,38309
890,182122
238,55592
546,134377
562,138297
791,159265
251,59457
410,99310
512,125391
498,121968
782,157307
539,132377
0,1875
770,155475
344,82383
154,34052
408,98936
926,188488
788,158394
442,107281
745,148943
1006,205800
522,128838
961,195607
0,9099
963,196414
16,25038
0,16931
294,69580
0,2404
999,205552
300,71262
207,47536
986,201366
462,112571
447,108585
54,35778
0,33326
364,87531
607,150366
1,35455
773,195303
698,174914
424,102952
808,204822
791,200269
265,62588
0,24755
0,34100
532,130549
620,154565
0,17357
54,46983
0,413
837,169825
103,22331
525,128673
493,120624
753,150892
434,106043
370,89249
342,82131
255,59868
254,59592
540,132919
347,83465
856,173536
959,195387
168,37278
552,135639
369,88849
146,31597
735,146837
311,74546
1014,208163
806,161940
273,64480
227,52875
265,62566
772,155216
0,5869
340,81283
249,58462
359,86289
792,159127
256,60173
369,89668
0,1042
480,117270
989,202197
15,24473
697,170576
293,69565
233,54302
294,70247
0,5763
984,202124
338,81134
0,863
408,98813
187,42329
306,72968
399,96717
624,155270
446,108397
327,78319
507,124285
495,121191
20,31714
508,124293
470,114673
762,192175
748,188688
366,88151
396,95909
291,69095
662,165770
758,191358
298,70930
0,3596
798,200061
292,69422
0,12023
458,111699
724,182343
690,173209
698,175062
0,11880
319,76184
468,114660
51,43871
761,152299
365,76365
750,150179
1003,205664
0,9665
56,21766
562,138242
500,122409
179,40110
0,21903
53,32565
529,129795
631,157079
647,161572
0,1381
1,32155
87,50367
0,4682
605,125377
452,109779
68,33189
805,202961
0,16685
291,68855
640,159352
331,79154
311,74329
606,153115
428,103984
392,94653
355,85261
652,162773
239,56046
53,44888
976,201114
928,190958
592,123892
1008,206900
989,202661
996,204397
301,71587
486,118833
0,694
946,192733
269,63753
483,117784
221,51273
334,80210
973,198750
340,81554
0,9730
890,181571
624,148997
272,64140
905,184207
43,32221
0,16342
697,174569
0,11852
461,111734
654,163594
0,12122
619,153505
312,74393
309,73661
267,62965
709,177871
246,57744
450,109812
0,13266
793,199081
259,61284
676,168922
627,156563
596,148027
653,162471
581,143456
602,148992
306,73016
364,87556
768,193767
508,124304
52,44130
75,17569
520,122821
927,188486
368,88531
0,14948
277,65752
870,176315
59,30824
767,192185
813,203422
501,122752
0,25998
390,94050
703,176137
517,126778
277,65549
634,163629
481,119097
224,52007
783,198189
0,30544
688,171859
724,182175
551,136098
529,129700
753,189826
587,145410
533,130662
734,184751
576,142344
36,41377
846,171161
471,97953
251,58917
520,122047
27,24414
0,15734
729,176486
594,147250
286,67891
952,194075
1011,206877
449,109044
1016,208784
925,188626
474,116094
422,102259
503,122880
323,77223
729,182000
191,43330
511,125193
50,40340
286,60345
364,82286
378,89567
647,127887
0,7347
318,75620
14,16777
573,133925
538,132307
0,2923
857,173229
385,92860
1007,206346
837,169316
753,150994
773,155354
906,184456
275,65013
463,112648
507,124267
866,175698
422,102272
483,118498
738,147869
0,14630
0,10978
718,143786
870,175986
908,184801
0,9085
203,46243
0,1792
268,63236
1007,206691
0,425
359,86294
527,129370
336,80745
254,59767
472,114889
311,74221
497,121758
702,139826
199,45654
449,109456
227,52741
497,121317
781,156709
853,172552
888,180817
780,156946
461,112193
333,79874
721,143618
177,39813
4,22082
308,73408
37,29122
611,151568
583,144312
309,73735
266,62651
543,133592
614,152809
8,30365
275,64983
0,26431
615,152813
0,15887
11,32388
656,164027
409,99046
478,116762
238,55506
688,173118
324,77603
463,112737
805,203086
0,12483
707,177588
441,107380
323,77198
300,71320
339,81375
273,64589
430,104385
432,104767
671,168390
510,124726
276,65219
0,17122
409,98622
306,72882
236,54894
0,5453
0,6106
696,174863
0,19372
389,94324
585,144692
438,106443
774,195786
786,199349
0,26614
542,133315
433,105005
0,3784
297,70513
753,190042
474,115484
0,29512
411,99388
297,70622
232,54585
657,164503
520,127537
0,26080
0,14294
0,2066
51,44491
772,155062
840,169384
846,171364
680,135059
728,145772
81,18459
932,190612
896,182122
707,140625
877,177442
800,161144
0,2028
245,57657
0,5813
289,68363
198,45174
21,21317
885,179521
900,182728
363,87408
0,18912
207,47467
9,22857
573,141436
850,171404
437,105890
922,188243
547,134572
254,59619
437,106137
306,73015
267,63029
0,6664
357,85699
224,51978
0,12003
687,167411
224,52039
400,96894
456,110929
642,159808
861,174286
529,129886
464,113101
521,127787
370,89156
400,96831
311,74356
349,84033
173,38659
0,20848
601,149115
423,102330
0,8432
179,40093
450,109347
430,104147
0,11761
604,150058
494,120684
465,113315
298,70809
572,141147
314,74969
376,90488
938,191315
0,13207
539,132581
222,51439
390,94116
0,4911
0,25768
283,66962
551,135661
172,38365
466,113519
974,199036
452,110026
580,143595
478,116633
599,148550
556,136857
1013,207540
510,124887
927,188860
329,78800
29,32472
25,37368
435,105256
283,67185
395,95536
419,101598
782,198268
504,123496
0,34279
626,155605
0,4174
4,38214
470,114427
532,130382
19,42437
771,154643
160,33900
356,75751
344,80889
730,145505
70,25246
0,11290
360,86335
581,143861
619,153837
350,84049
505,124930
395,95935
234,55029
927,189226
606,150439
855,173184
373,89818
430,104521
359,86588
994,204394
545,134045
523,128076
823,166116
496,121305
393,95025
66,217607
228,53107
536,131515
507,124098
0,14511
582,143686
188,42671
905,184077
436,105994
326,77861
537,131757
345,82946
994,204074
373,90002
532,130646
916,186384
888,180307
625,154969
351,84307
26,29872
428,103588
348,83612
430,104205
11,31860
0,13641
501,122299
0,13476
16,35173
367,88289
307,73123
0,710
416,100976
29,41433
269,56567
438,96831
4,16203
331,79041
0,1835
828,167226
191,43361
718,143890
0,14666
479,113272
916,186649
416,100844
0,5627
747,149741
424,102728
798,160603
931,189278
997,203861
726,145382
301,71582
488,118141
968,197830
0,18531
750,150372
823,166308
963,196775
454,110710
13,21380
534,130867
384,92866
590,143090
0,6240
214,49348
1009,207258
614,150694
948,193068
436,105714
996,203495
0,9177
599,148264
987,202362
35,30940
248,58261
762,191296
560,138064
561,138160
420,101874
224,51913
397,96009
401,97432
408,98776
752,190271
0,6626
6,32710
342,82396
480,116916
271,64079
722,181197
37,40620
20,8490
750,149967
4,8960
433,95152
431,102658
916,186197
379,91411
880,178136
383,92844
820,164985
327,78155
148,32180
0,11145
937,196584
32,22602
278,65785
185,41961
198,45707
892,180934
254,59619
972,198936
0,19304
372,89467
423,103104
13,24075
511,125018
930,189565
677,166107
372,89580
0,19044
204,46586
0,3189
943,193244
885,179704
439,106462
445,108044
213,49149
0,7972
207,47447
0,21191
544,133717
428,103662
861,174347
2,27376
1003,205697
216,50461
413,100119
417,101105
261,61469
622,154707
513,125773
29,33123
377,90749
555,137269
0,7224
798,201901
405,98363
0,13409
0,13002
760,191593
0,7565
762,192208
539,132541
384,92581
543,133544
722,181795
0,16084
361,86769
631,157345
388,93731
63,46676
451,93866
344,82493
776,155703
504,117841
690,137404
305,72594
0,9899
388,93502
982,200534
221,51296
1006,205887
490,119582
220,51088
487,119251
475,116140
445,108260
930,189159
344,82523
263,62046
756,151264
730,145600
205,47176
263,62610
230,53619
735,146946
818,164810
318,75988
212,48897
501,122149
417,101333
880,178591
0,9935
368,88227
5,20501
233,54124
22,24661
560,138797
0,22165
423,102242
272,64372
464,114364
0,18090
871,176312
957,195343
302,71889
586,145452
12,26825
817,198998
403,97780
671,167887
214,49467
696,174691
491,120148
731,184109
0,31353
0,11783
657,164230
229,53204
439,106718
728,183600
0,10644
11,35655
0,21031
561,139475
802,203770
686,172031
465,113658
376,90857
685,171811
723,182946
643,160937
256,60253
365,95426
19,39656
0,35830
432,104995
601,149361
65,52430
928,189154
189,39954
552,117342
967,198362
315,75217
328,78285
245,57434
452,110949
530,128025
365,88456
189,42837
435,105819
470,114689
383,92516
540,132141
815,165203
379,91412
310,73983
254,59814
198,45205
342,81936
503,123185
334,80057
810,163813
0,8025
50,30705
563,139083
420,101971
42,38985
62,15307
4,15382
851,172257
775,155969
294,70004
731,145947
266,62921
186,42019
381,92026
350,84184
643,127380
746,149958
928,189182
885,180033
441,105181
288,68328
134,28463
725,147170
512,122162
853,173547
313,74815
837,168715
22,23443
36,29973
291,69003
248,58198
300,71420
350,84248
461,113187
19,33727
420,102222
293,69969
0,20451
555,136453
630,156550
730,183753
0,12809
726,182797
550,135899
610,151426
645,160649
379,91442
365,87896
562,138342
660,165386
0,28927
0,7825
367,87972
0,2898
316,75411
354,85086
478,116596
396,95858
0,21483
0,18213
537,132139
531,130410
276,65222
410,99674
0,18397
0,33438
232,53988
533,130936
398,96417
479,117075
604,149594
28,39564
742,148452
1012,207272
